label,tweet
-1,derommburak nadiem makarim permen ppks hadir solusi maraknya kejadian kekerasan seksual perguruan
-1,aniesbaswedan jakarta kota global kehormatan menjamu duta negara sahabat gala dinner jakarta hajatan kah
-1,derommburak nadiem makarim permen ppks hadir solusi maraknya kejadian kekerasan seksual perguruan
-1,negeri negara hadir berpihak pengusaha penguasa penduduk hidupnya lahan
-1,negara wajib hadir rakyat kesulitan negara hadir rakyat kah bijak mempers
-1,negara wajib hadir rakyat kesulitan negara hadir rakyat kah bijak mempers
-1,negara wajib hadir rakyat kesulitan negara hadir rakyat kah bijak mempersulit rakyat konyol
-1,negara hadir naker dipandang manusia utuh iya anggap mesin doank sisi mempertimbangkan kepentingan ekonomi better bikin cuti ayah bayi butuh ayahnya nilai pria wanita naker
-1,kah negara hadir perumahan flpp dp nol income rumah susun sewa bilang coba cek program disubsidi apanya harganya jualnya harga pokoknya apanya
-1,diakui sumber daya manusia dibeberapa sektor rendah negara hadir penyadaran
-1,mouldie_sep pointnya pemimpin pejabat negara hadir disana menikmati papua selesai perilakunya nkri
-1,muhammad_saewad negara hadir solusi judge caci maki konteks bertentangan agama kah pelaku pernikahan beda agama indonesia negara gamang memutuskan dasar hukumnya
-1,presiden ri undangan ketua jerman hadir ktt juni joko widodo direncanakan mengunjungi ukraina rusia bertemu negara jokowi jokowidodo presidenri indonesia ukraina rusia jerman
-1,masyarakat negara hadir melindungi hak-hak keperdataan orang dinyatakan berbicara hukum bhp kemenkumham jawa timur hubungan masyarakat kemenkumham jawa timur kemenkumham kumham rbkunwas
-1,hadir yasuhiko matsuda pengurus negara bank dunia malaysia ybhg datuk zunika mohamed timbalan ketua pengarah epu dasar sebahagian pengarah-pengarah bahagian epu malaysia benteng ekonomi
-1,papi_danta pelepasan cpmi program to jepang dihadiri erickthohir benny_rhamdani duta wamen
-1,pengerusikan mesyuarat belia negara k'saan tuaran sabah pelbagai prog xtvt julai ramai teruja yab private message hadir merasmikan prog bertema jom memeriahkan negara
-1,widwira yth presiden jokowi yth kspgoid dr_moeldoko yth Kepala Polisi Republik Indonesia listyosigitp yth kementerianbumn erickthohir yth gubernu
-1,tohidtri reiza_patters tatakujiyati chusnulch gunromli tjhinfar jakarta menanggung beban kota negara.semua pendatang indonesia hadir dijakarta memperngaruhi pengeluaran pemerintah provinsi dki.jangan cari enaknya.jawa komoditas tersedia papan pangan.klo orang jakarta
-1,jun jabatan audit negara negeri selangor hadir kah pejabat kumpulan semesta sdn bhd sesi entrance conference pengauditan pengurusan kssb
-1,ladyincrypto hadir ateu inez asli penduduk warga bangsa negara twiter
-1,garenghallu menkoinfo pejabat negara pembantu presiden sehrsnya hadir acara menjaga etika hubungan sosial sebg bawahan jokowi
-1,myputun cukong bermain disitulah negara hadir
-1,susipudjiastuti negara wajib hadir rakyatnya kritik lantas kewajiban gugur bos
-1,terkait warga negara china laporan perkosaan kali dipanggil hadir kabid hubungan masyarakat kepolisian daerah metropolitan jaya kombes zulpan rabu
-1,negara jarang hadir urusan rakyat era pengusaha nakal bebaskan beraksi
-1,kompascom subsidi bentuk negara hadir rakyatnya penerapan pasal uud ayat
-1,kumparanplus konsep gelar pahlawan nasional negara-negara gelar pahlawan hadir alasan
-1,resimbeling bangsa barat hadir kah negara keajaiban musnah
-1,salah syarat-syaratnya terpenuhi pengadilan hadir melindungi hak-hak masyarakat pernikahan diakui negara sah
-1,miris banget wanita enteng banget bilang resign melahirkan urus anak meanwhile tidak tahu kondisi ekonomi rumah tangga orang bagamana negara hadir generasi terlindungi mental fisiknya minimal kehidupan pertamanya
-1,sibolga selasa kepala kpknl padangsidimpuan raden hariyadi murti kurniawan hadir saksi kegiatan pemusnahan barang milik negara bmn eks tegahan bea cukai sibolga mei ayojagaasetnegara asetnegara
-1,vivayogamauladi alhamdulillah ruang dialog tercipta melindungi kepentingan masyarakat konsumen pengusaha har
-1,hadir konser pas idol kah negara nyesek nyamperin konser negara
-1,prettymomratih nabi hadir dinegara gurun bejadnya orang disana negara penyebar kebaikkan hindu budha budha hrf kasta kayak hindu
-1,pemerintah indonesia mengecek mengecek persiapan jamaah makkah alhamdulillah terdidik
-1,rakyat korban ribut perkara pilihan menangis kemiskinan teriak mengemis perha
-1,menyesal mencoba menyesal coba semangat mecoba iya badan eksekutif mahasiswa universitas indonesia depita petugas bu mega negara hadir bangtan nikita mirzani dilindungi big bang
-1,negara bumi muslim asyik bermain panggung kekuasaan hadir membela rakyatnya tertindas kesakitan gerakan musim semi arab gagal contoh dramatis membawa korban
-1,ayo gas slot tergacor link slot its okay to rest berani berbagi kebaikan big fashion sale jakarta hajatan leave them alone bigger than ever ikn bangkitkan ekonomi negara hadir pamelapoker
-1,ayo gas slot tergacor link slot its okay to rest berani berbagi kebaikan big fashion sale jakarta hajatan leave them alone bigger than ever ikn bangkitkan ekonomi negara hadir pamelapoker
-1,ayo gas slot tergacor link slot its okay to rest berani berbagi kebaikan big fashion sale jakarta hajatan leave them alone bigger than ever ikn bangkitkan ekonomi negara hadir pamelapoker
-1,khriss_bara semoga rakyat indonesia ayam kehilangan induk dengar solusi mari
-1,semoga rakyat indonesia ayam kehilangan induk dengar solusi mari lihat kedepan hadir tidaknya administrator negara
-1,pandemi dampak salah satunya umkm negara hadir kebijakan implementasi ptkp umkm orang pribadi ayo dengar cerita pajak
-1,kuncinya negara hadir bayar pajak pemerintah dipilih kerja kalok ujung-ujungnya diserahin kah pasar mikir iya bernegara eh gitu yaa tertawa
-1,lettachantik membanggakan negara hadir apresiasi haji
-1,gamblang negara hadir maksimal pelayanan jema'ah haji indonesia apresiasi haji
-1,wajahpribumii kemenag_ri kerenn lahh negara hadir apresiasi haji
-1,aminn keren berangkat apresiasi haji negara hadir
-1,penyair_berdiri kerenn negara hadir apresiasi haji
-1,besok libur apresiasi haji negara hadir
-1,alhamdulillah tertunda akibat pandemi ibadah haji dilaksanakan pemerintah arab saudi
-1,franken_blues jemaah haji menunda keinginannya berangkat haji pandemi kerinduan jamaah
-1,woahh apresiasi haji negara hadir
-1,berita kaya seneng banget bacanya masyarakat kenal ramah sabar banget kah tanah suci akuu apresiasi haji negara hadir
-1,negara mantap apresiasi haji negara hadir
-1,dibandingkan negara indonesia memiliki sistem apresiasi haji negara hadir
-1,puji syukur apresiasi haji negara hadir
-1,nari apresiasi haji negara hadir
-1,lapar banget huhu apresiasi haji negara hadir
-1,haii soree apresiasi haji negara hadir
-1,hmm masak iya apresiasi haji negara hadir
-1,tim pengisihan jamaah haji terima kasih kasih apresiasi haji negara hadir
-1,perhatikan masyarakat indonesia kalah nya si apresiasi haji negara hadir
-1,makan kentang apresiasi haji negara hadir
-1,mandi apresiasi haji negara hadir
-1,kangen apresiasi haji negara hadir
-1,dirindukan apresiasi haji negara hadir
-1,lupa makan apresiasi haji negara hadir
-1,keren lho negara hadir haji apresiasi haji
-1,makan kuy apresiasi haji negara hadir
-1,bagus deh apresiasi haji negara hadir
-1,iya ibadah haji kaya apresiasi haji negara hadir
-1,akhirny tertunda akibat pandemi apresiasi haji negara hadir
-1,sepatutnya membantu apresiasi haji negara hadir
-1,bahagia deh pas penyelenggaraan ibadah haji dilaksanakan apresiasi haji negara hadir
-1,panas banget apresiasi haji negara hadir
0,aniesbaswedan jakarta kota global kehormatan menjamu duta negara sahabat gala dinner jakarta hajatan kah
0,aniesbaswedan jakarta kota global kehormatan menjamu duta negara sahabat gala dinner jakarta hajatan kah
0,aniesbaswedan jakarta kota global kehormatan menjamu duta negara sahabat gala dinner jakarta hajatan kah
0,aniesbaswedan jakarta kota global kehormatan menjamu duta negara sahabat gala dinner jakarta hajatan kah
0,aniesbaswedan jakarta kota global kehormatan menjamu duta negara sahabat gala dinner jakarta hajatan kah
0,aniesbaswedan jakarta kota global kehormatan menjamu duta negara sahabat gala dinner jakarta hajatan kah
0,aniesbaswedan jakarta kota global kehormatan menjamu duta negara sahabat gala dinner jakarta hajatan kah
0,leonita_lestari presiden negara visi larut bahasan gesture beliau memutuskan hadir
0,leonita_lestari presiden negara visi larut bahasan gesture beliau memutuskan hadir
0,aniesbaswedan jakarta kota global kehormatan menjamu duta negara sahabat gala dinner jakarta hajatan kah
0,aniesbaswedan jakarta kota global kehormatan menjamu duta negara sahabat gala dinner jakarta hajatan kah
0,aniesbaswedan jakarta kota global kehormatan menjamu duta negara sahabat gala dinner jakarta hajatan kah
0,miss_warawiri negara hadir
0,leonita_lestari presiden negara visi larut bahasan gesture beliau memutuskan hadir
0,leonita_lestari presiden negara visi larut bahasan gesture beliau memutuskan hadir
0,leonita_lestari presiden negara visi larut bahasan gesture beliau memutuskan hadir
0,leonita_lestari presiden negara visi larut bahasan gesture beliau memutuskan hadir
0,leonita_lestari presiden negara visi larut bahasan gesture beliau memutuskan hadir
0,aniesbaswedan jakarta kota global kehormatan menjamu duta negara sahabat gala dinner jakarta hajatan kah
0,aniesbaswedan jakarta kota global kehormatan menjamu duta negara sahabat gala dinner jakarta hajatan kah
0,aniesbaswedan jakarta kota global kehormatan menjamu duta negara sahabat gala dinner jakarta hajatan kah
0,aniesbaswedan jakarta kota global kehormatan menjamu duta negara sahabat gala dinner jakarta hajatan kah
0,aniesbaswedan jakarta kota global kehormatan menjamu duta negara sahabat gala dinner jakarta hajatan kah
0,angktsa pekerja migran indonesia pmi jepang diberangkatkan malam rabu juni bukti negara serius mengurus pmi
0,aniesbaswedan jakarta kota global kehormatan menjamu duta negara sahabat gala dinner jakarta hajatan kah
0,aniesbaswedan jakarta kota global kehormatan menjamu duta negara sahabat gala dinner jakarta hajatan kah
0,aniesbaswedan jakarta kota global kehormatan menjamu duta negara sahabat gala dinner jakarta hajatan kah
0,aniesbaswedan jakarta kota global kehormatan menjamu duta negara sahabat gala dinner jakarta hajatan kah
0,leonita_lestari presiden negara visi larut bahasan gesture beliau memutuskan hadir
0,hadir narasumber kepala balai sertifikasi elektronik badan siber sandi negara bssn jonathan gerhard sandiman balai sertifikasi elektronik bssn dwika raha putra mp
0,hadir peninjauan bendungan sepaku semoi ketua dewan perwakilan rakyat ri puan maharani menteri sekretaris negara pratikno menteri investasi kepala bkpm bahlil lahadalia kepala badan otorita ikn bambang susantono gubernur kalimantan timur isran noor
0,tujuan pariwisata jarot hadir peninjauan ketua dewan perwakilan rakyat ri puan maharani menteri sekretaris negara pratikno
0,hadir penininjauan ketua dewan perwakilan rakyat ri puan maharani menteri sekretaris negara pratikno menteri lingkungan hidup kehutanan siti nurbaya bakar menteri pupr basuki hadimuljono menteri investasi kepala bkpm bahlil lahadali gubernur kalimantan timur isran noor
0,redzakusuma datukpancilok kewajiban warga negara bayar pajak mengurus akta lahir mencatatkan identitas
0,leonita_lestari presiden negara visi larut bahasan gesture beliau memutuskan hadir
0,leonita_lestari presiden negara visi larut bahasan gesture beliau memutuskan hadir
0,leonita_lestari presiden negara visi larut bahasan gesture beliau memutuskan hadir
0,leonita_lestari presiden negara visi larut bahasan gesture beliau memutuskan hadir
0,leonita_lestari presiden negara visi larut bahasan gesture beliau memutuskan hadir
0,leonita_lestari presiden negara visi larut bahasan gesture beliau memutuskan hadir
0,leonita_lestari presiden negara visi larut bahasan gesture beliau memutuskan hadir
0,ditjenkn pandemi dampak salah satunya umkm negara hadir kebijakan implementasi ptk
0,leonita_lestari presiden negara visi larut bahasan gesture beliau memutuskan hadir
0,bitcemeng benny_rhamdani semangat support bukti nyata negara hadir pmi sikat sindikat benny_rhamdani
0,redzakusuma datukpancilok kewajiban warga negara bayar pajak mengurus akta lahir mencatatkan identitas
0,datukpancilok kewajiban warga negara bayar pajak mengurus akta lahir mencatatkan identitas sipil warga hadir negaranya lakukan strawman fallacy
0,byrubima menteri erickthohir hadir pelepasan pekerja migran indonesia kah jepang kemarin pekerja migran in
0,telkomindonesia sobat presidensi digelar indonesia tatap muka offline meeting kota
0,kemenkeuri pajak mengumpulkan penerimaan masyarakatnya pajak pandemi menggoyang
0,byrubima menteri erickthohir hadir pelepasan pekerja migran indonesia kah jepang kemarin pekerja migran in
0,rodrichen aldikurr mardiasih paham ilmu kepegawaian bicara 
0,ahmadmaslan pertemuan presiden umno ds drzahidhamidi duta negara china kah malaysia he ouyang yujing tkt rabu
0,fahrihamzah negara hadir melindungi segenap bangsa indonesia tumpah darah indonesia negara menjamin kemerdekaan set
0,fahrihamzah negara hadir melindungi segenap bangsa indonesia tumpah darah indonesia negara menjamin kemerdekaan set
0,coba cek deh uniqlo eco bag tote bag tas belanja ramah lingkungan tas lipat toko tokopedia bebas ongkos kirim lho ismail basbeth tertinggi negara hadir bigger than ever aw
0,diy papan tulis dinding anak suka coret-coret dinding anak-anak seru berkreasi mengasah kreatifitas selengkapnya ya papantulis dinding wall its okay to rest berani berbagi kebaikan negara hadir
0,aturan cod diatur ecommerce or penjual aturan dirumuskan mengakomodasi kepentingan pelaku dimana pemerintah berfungsi wasit pengayom negara hadir
0,coba cek deh cabiciks baggy tote bag polos kanvas tas totebag polos canvas yellow toko cabiciks tokopedia bebas ongkos kirim lho ismail basbeth tertinggi negara hadir bigger than ever aw
0,coba cek deh shopping bag hawman tas belanja tote bag fashion hand bag tas jinjing toko hawman tokopedia bebas ongkos kirim lho ismail basbeth tertinggi negara hadir bigger than ever aw
0,coba cek deh tote bag blacu tas blacu custom goodie bag blacu custom cetak warna toko yanur official_shop tokopedia bebas ongkos kirim lho ismail basbeth tertinggi negara hadir bigger than ever aw
0,yb datuk seri ahmad maslan hadir pertemuan presiden umno ds ahmad zahid hamidi duta negara china kah malaysia he ouyang yujing tkt pwtc rabu pelbagai dibincang pertemuan sejam china negara kuasa ekonomi dunia
0,coba cek deh endorphins hampers package box of cookies toko endorphins cookie tokopedia bebas ongkos kirim lho ismail basbeth tertinggi negara hadir bigger than ever aw
0,nama permainan tradisional terkenal indonesia sudut negara memainkannya menyelenggarakan turnamen khusus
0,coba cek deh vitalife vitamin kapsul toko century healthcare tokopedia bebas ongkos kirim lho bigger than ever negara hadir ikn bangkitkan ekonomi big mouth bangtan
0,coba cek deh natur-e iu isi kapsul vitamin e-penyubur kandungan antiaging toko tokopedia bebas ongkos kirim lho negara hadir jungwon best leader lee min ho joko widodo kim taehyung
0,coba cek deh hoodie jumper polos jaket sweaterpolos xxl pria wanita xl toko superpolos tokopedia bebas ongkos kirim lho negara hadir jungwon best leader lee min ho joko widodo kim taehyung
0,coba cek deh xbox series asia toko liberty game official tokopedia bebas ongkos kirim lho negara hadir jungwon best leader lee min ho joko widodo kim taehyung
0,coba cek deh sony playstation sony resmi indonesia toko super-gameshop tokopedia bebas ongkos kirim lho bigger than ever negara hadir ikn bangkitkan ekonomi big mouth bangtan
0,qaisrafif ketua dewan perwakilan rakyat ri puan maharani negara hadir tengah-tengah masyarakat terkait kesehatan 
0,coba cek deh masker icare earloop icare army box icare toko hand gel tokopedia bebas ongkos kirim lho bigger than ever negara hadir ikn bangkitkan ekonomi big mouth bangtan
0,coba cek deh miss masker isi masker medis toko century healthcare tokopedia bebas ongkos kirim lho negara hadir jungwon best leader lee min ho joko widodo kim taehyung
0,koko slot pgsoft slotgacor jakarta hajatan dversetoken dakwah jalan slot kayabenaran uang kerasakti newmember indonesia gila mantap negara hadir
0,outerdeity setiadji_s elisa_jkt paham konteks elisa argumen negara regulator hadir
0,airlanggahartarto capres indonesiabersatu kerjauntukindonesia berani berbagi kebaikan ikn bangkitkan ekonomi negara hadir pagii jakarta hajatan
0,tweet negara hadir
0,bungkustukang bangga negara hadir apresiasi haji
0,semoga nyusul iya semuaa apresiasi haji negara hadir
0,erzavindaf alhamdulillah seneng apresiasi haji negara hadir
0,semoga menyusul deh apresiasi haji negara hadir
0,iya alloh menginjakkan kaki tanah suci bismillah semoga apresiasi haji negara hadir
0,terima kasih bnyak iya apresiasi haji negara hadir
0,bersajak_id tercapai apresiasi haji negara hadir
0,bersajak_id alhamdulillah kabar bagus banget yaa apresiasi haji negara hadir
0,refitaevriyanii aamiin apresiasi haji negara hadir
0,hai apresiasi haji negara hadir
0,seneng banget alhamdulillah apresiasi haji negara hadir
0,terimakasih apresiasi nya membantu jamaah berangkat haji apresiasi haji negara hadir
0,bersajak_id wihh keren loh apresiasi haji negara hadir
0,jemaah haji indonesia hebat apresiasi haji negara hadir
0,masak sore apresiasi haji negara hadir
0,skpresi bersemangat kah tanah suci apresiasi haji negara hadir
0,terima kasih semoga sehat iya apresiasi haji negara hadir
0,sore sahabat apresiasi haji negara hadir
0,berita bikin seneng jamaah haji indonesia apresiasi kebaikan hati nya apresiasi haji negara hadir
0,si guyss masyarakat terkenal ramah apresiasi haji negara hadir
0,hujan apresiasi haji negara hadir
0,hujan apresiasi haji negara hadir
0,bagus pengelola calon ibadah haji semoga berjalan lancar apresiasi haji negara hadir
0,sore apresiasi haji negara hadir
0,soree apresiasi haji negara hadir
0,soree apresiasi haji negara hadir
0,proses apresiasi haji negara hadir
0,kangen seblak deh apresiasi haji negara hadir
0,kaget dianggap istimewa tanah suci ramah suka bantu orang negara banget diapresiasi sehat apresiasi haji negara hadir
0,terharu dengar kabar kesana bareng keluarga apresiasi haji negara hadir
0,berpasrtisipasi keberabngkatan haji terimakaih iya semoga amal kebaikan terima amin apresiasi haji negara hadir
0,tim ibadah haji jamaah profesional apresiasi haji negara hadir
0,sore cerah apresiasi haji negara hadir
0,jemaah indonesia terbuka tanggung apresiasi haji negara hadir
0,senenglah mendengar kabar terkenal melaksanakan ibadah haji apresiasi haji negara hadir
0,bismillah semoga cepat ikutan nyusul kesana kesana apresiasi haji negara hadir
0,seneng dengar kabar semoga menunaikan ibadah haji apresiasi haji negara hadir
0,seneng banget dengar brita kayak semoga sehat kesana apresiasi haji negara hadir
1,diawali show up exhibition halaman gedung negara majalengka event menjaring tingkat nasional perwakilan provinsi hadir kegiatan kolaborasi komunitas campervan indonesia region jawa barat merayakan anniversary
1,leonita_lestari presiden negara visi larut bahasan gesture beliau memutuskan hadir
1,leonita_lestari presiden negara visi larut bahasan gesture beliau memutuskan hadir
1,leonita_lestari presiden negara visi larut bahasan gesture beliau memutuskan hadir
1,kadivim kantor wilayah kemenkumham sumsel herdaus mendukung nawacitanya presiden jokowi negara hadir ditengah masyarakat kumham hadir ditengah masyarakat kemenkumham_ri kumhamsumsel bapasplg kumham kumham sumsel harun sulianto bapas palembang
1,kadivim kantor wilayah kemenkumham sumsel herdaus mendukung nawacitanya presiden jokowi negara hadir ditengah masyarakat kumham hadir ditengah masyarakat kemenkumham_ri kumhamsumsel bapasplg kumham kumham sumsel harun sulianto bapas palembang
1,leonita_lestari presiden negara visi larut bahasan gesture beliau memutuskan hadir
1,leonita_lestari presiden negara visi larut bahasan gesture beliau memutuskan hadir
1,leonita_lestari presiden negara visi larut bahasan gesture beliau memutuskan hadir
1,aniesbaswedan jakarta kota global kehormatan menjamu duta negara sahabat gala dinner jakarta hajatan kah
1,aniesbaswedan jakarta kota global kehormatan menjamu duta negara sahabat gala dinner jakarta hajatan kah
1,aniesbaswedan jakarta kota global kehormatan menjamu duta negara sahabat gala dinner jakarta hajatan kah
1,hadir menyaksikan sesi menandatangani mou ketua setiausaha negara ybhg dato haji rosli bin isa ketua setiausaha kementerian tenaga sumber asli
1,leonita_lestari presiden negara visi larut bahasan gesture beliau memutuskan hadir
1,anak_soeltan thelightbuzz benny_rhamdani bukti negara hadir pmi semoga lancar sukses pmi sikat sindikat benny_rhamdani
1,thelightbuzz benny_rhamdani keren semangat negara hadir pmi sikat sindikat benny_rhamdani
1,notaslimboy lucunya tepokin meriah hadir kepala negara mengerti konteks diomongin nyambungnya kemana
1,thelightbuzz benny_rhamdani erickthohir top bukti nyata negara hadir melindungi warganya sikat sindikat benny_rhamdani
1,thelightbuzz benny_rhamdani mantap bukti negara hadir pmi sikat sindikat benny_rhamdani
1,redzakusuma datukpancilok kewajiban warga negara bayar pajak mengurus akta lahir mencatatkan identitas
1,syahrsyahreza alhamdulillah seneng deh lihatnya apresiasi haji negara hadir
1,resahrasa alhamdulillah senenh banget lihatnya apresiasi haji negara hadir
1,menteri erickthohir hadir pelepasan pekerja migran indonesia kah jepang kemarin pekerja migran indonesia pmi diberangkatkan kah jepang semoga sukses pahlawan devisa negara bangkit
1,bukti negara serius mengurus pmi pmi jepang berangkatkan malam juni hadir wakil menteri ketenagakerjaan ri menteri bumn erickthohir duta jepang indonesia h.e kanasugi kenji benny_rhamdani sikat sindikat
1,fahrihamzah negara hadir melindungi segenap bangsa indonesia tumpah darah indonesia negara menjamin kemerdekaan set
1,telkomindonesia sobat presidensi digelar indonesia tatap muka offline meeting kota
1,fahrihamzah negara hadir melindungi segenap bangsa indonesia tumpah darah indonesia negara menjamin kemerdekaan set
1,telkomindonesia sobat presidensi digelar indonesia tatap muka offline meeting kota
1,hadir kegiatan jaksa agung muda bidang perdata tata usaha negara feri wibisono dirjen bina konstruksi kementerian pupr yudha mediawan direktur tindak pidana korupsi bareskrim polri brigjen cahyono wibowo
1,pekerja migran indonesia pmi jepang diberangkatkan malam rabu juni bukti negara serius mengurus pmi erickthohir benny_rhamdani duta jepang indonesia h.e kanasugi kenji hadir diacara pelepasan cpmi to jepang sikat sindikat
1,fahrihamzah negara hadir melindungi segenap bangsa indonesia tumpah darah indonesia negara menjamin kemerdekaan set
1,telkomindonesia sobat presidensi digelar indonesia tatap muka offline meeting kota
1,negara hadir melindungi segenap bangsa indonesia tumpah darah indonesia negara menjamin kemerdekaan penduduk berserikat berkumpul negara menjamin kebebasan partai politik otoriter merampas kebebasan
1,sobat bumn menteri bumn erick thohir hadir perayaan usia nasional jawa timur sabtu juni erick thohir lanjut usia sesungguhnya beban warga negara kelas indonesia solusi lanjut usia
1,alhamdulillah ruang dialog tercipta melindungi kepentingan masyarakat konsumen pengusaha harga terjangkau pasokan negara hadir berbuat rakyat bangsa mendag
1,qaisrafif ketua dewan perwakilan rakyat ri puan maharani negara hadir tengah-tengah masyarakat terkait kesehatan 
1,qaisrafif ketua dewan perwakilan rakyat ri puan maharani negara hadir tengah-tengah masyarakat terkait kesehatan 
1,qaisrafif ketua dewan perwakilan rakyat ri puan maharani negara hadir tengah-tengah masyarakat terkait kesehatan 
1,qaisrafif ketua dewan perwakilan rakyat ri puan maharani negara hadir tengah-tengah masyarakat terkait kesehatan 
1,qaisrafif ketua dewan perwakilan rakyat ri puan maharani negara hadir tengah-tengah masyarakat terkait kesehatan 
1,qaisrafif ketua dewan perwakilan rakyat ri puan maharani negara hadir tengah-tengah masyarakat terkait kesehatan 
1,ketua dewan perwakilan rakyat ri puan maharani negara hadir tengah-tengah masyarakat terkait kesehatan sesuai konstitusi warga negara berhak memperoleh layanan kesehatan kunker runtuk negeri mendengar aspirasi rakyat
1,doa presiden jokowi hadir sumatera selatan semoga sehat membangun negara
1,berani berbagi kebaikan ikn bangkitkan ekonomi negara hadir pagii jakarta hajatan
1,menteri badan usaha milik negara bumn erickthohir hadir silaturahmi akbar partai amanat nasional pan bang
1,pemerintah indonesia memiliki proses tim profesional heran bidang transpor
1,pemerintah arab saudi mengakui kagum perilaku tertib bertanggung suka membantu jamaah haji Indonesia
1,mikhaylakumala komitmen kementerian agama pihak-pihak terkait kelancaran ibadah haji jemaah haji
1,mikhaylakumala apresiasi pemerintah terkhusus kementerian agama proses tim profesional
1,indonesia beroleh pujian penyelenggaraan ibadah haji dibandingkan negara-negara perhatian peng
1,franken_blues kementerian agama ri negara keras profesional penanganan jamaah haji
1,mikhaylakumala naif alaboud jemaah indonesia memiliki keistimewaan tersendiri dinilai jemaah baik-baik foku
1,mikhaylakumala apresiasi pemerintah terkhusus kementerian agama proses tim profesional
1,bungkustukang dr.naif alaboud jemaah indonesia suka membantu penyelenggara
1,pergusoid penyelenggaraan ibadah haji indonesia apresiasi penyelenggara mekah negara hadir be
1,tabarakallah bahagia dengernya apresiasi haji negara hadir
1,syukur ahamdulilah jamaah haji indonesia tanah suci apresiasi haji negara hadir
1,terima kasih banget pemerintah love deh apresiasi haji negara hadir
1,bersyukur banget seneng banget deh dengernya bismillah semoga cepat kesana iya aamin apresiasi haji negara hadir
1,calon haji indonesia dipuji apresiasi haji negara hadir
1,dukung apresiasi haji negara hadir
1,speechless iya terima kasih pemerintah apresiasi haji negara hadir
1,terima kasih profesional mengurus keberangkatan jemaah haji indonesia mbah jemaah berangkat apresiasi haji negara hadir
1,putcatdoang alhamdulillah apresiasi haji negara hadir
1,putcatdoang bahagia dengar nya apresiasi haji negara hadir
1,baca berita dengernya seneng banget kesna apresiasi haji negara hadir
1,putcatdoang semoga nyusul apresiasi haji negara hadir
1,kementrian agama memerhatikan jemaahnya apresiasi haji negara hadir
1,pemerintah indonesia terima kasih semoga cepat nyusul beribadah haji negara hadir apresiasi haji negara hadir
1,alhamdulillah insyaallah nyusul secepatnya apresiasi haji negara hadir
1,jemaah haji indonesia pujian apresiasi haji negara hadir
1,selamat semoga disana apresiasi haji negara hadir
1,dikenal ramah masyarakat indonesia apresiasi haji negara hadir
1,alhamdulillah seneng deg dengernya bismillah semoga cepat kesana apresiasi haji negara hadir
1,pemerintah indonesia memiliki proses tim profesional apresiasi haji negara hadir
1,diapresiasi gaes perilaku jamaah haji indonesia apresiasi haji negara hadir
1,wahh terkenal ramahnya iya jamaah indonesia apresiasi haji negara hadir
1,bersyukur banget sih jemaah indonesia jamaah istimewa apresiasi haji negara hadir
1,membanggakan pujian apresiasi haji negara hadir
1,adat membantu semoga terjaga apresiasi haji negara hadir
1,alhamdulillah seneng deh semoga merasakan ibadah haji apresiasi haji negara hadir
1,alhamdulillah khabar bahagia andil dalm keberangkatan jemaah haji semoga sehat amiin apresiasi haji negara hadir
1,semoga kesehatan lancarkan ibadah nya iya allah seneng banget dengar kabar apresiasi haji negara hadir
1,salut jemaah haji indonesia menerapkan sikap tolong menolong toleransi peduli disana sukses apresiasi haji negara hadir menunaikan ibadah haji semoga lancar baik-baik
1,diperbolehkan berangkat kah tahan suci berterima kasih banget membantu apresiasi haji negara hadir
1,terimakasih membantu pelaksanaan haji jamaah indonesia apresiasi haji negara hadir
1,baca berita seneng banget karuan alhamdulilah jamaah indonesia jamaah istimewa apresiasi haji negara hadir
1,apresiasi haji banget buaat jemaah terkesan tanah suci negara hadir
1,apresiasi haji negara hadir peduli jamaah
1,semoga pergi kah tanah suci aamiin apresiasi haji negara hadir
1,alhamdulillah iya seneng dengar kabar apresiasi haji indonesia bangga negara hadir
1,suka membantu ciri khas jama'ah haji indonesia apresiasi haji negara hadir
1,negara melalalui kementerian agama keras profesional kelancaran ibadah haji apresiasi haji negara hadir
1,terima kasih pelayanan istimewa jamaah haji indonesia dipermudah semoga haji amin apresiasi haji negara hadir
1,terdidik suka membantu apresiasi haji negara hadir
1,masyaallah mulia hati jamaah haji indonesia apresiasi haji negara hadir
1,iya yaa pandemi haji alhamdulillah skrng yaa ketanah suci deh apresiasi haji negara hadir
1,indonesia pujian pemerintah menyelenggarakan ibadah haji jama'ah haji terdidik suka membantu apresiasi haji negara hadir
1,tim pengurusan ibadah haji diapresiasi ibadah haji jamaah haji indonesia apresiasi haji negara hadir
1,alhamdulillah jamaah haji diperhatikan terimakasih andil persiapan ibadah haji apresiasi haji negara hadir
1,seneng dengernya warga indonesia suka membantu bismillah semoga kah tanah suci aamiin apresiasi haji negara hadir
1,pelayanan jamaah haji indonesia terimakasih andil mempermudah apresiasi haji negara hadir
1,bikin bangga jemaah haji berperilaku tanah suci membantu jemaah disana apresiasi haji negara hadir
1,semoga lancar lancar jamaah hajinya tiada halangan apapun apresiasi haji negara hadir
1,semoga lancar membantu jamaah haji fasilitas tujuan apresiasi haji negara hadir
1,apresiasi haji jamaah haji indonesia pujian pemilik pemondokan makkah negara hadir pembekalan pelayanan terbaik warga negaranya layak apresiasi haji
1,sesuai pengalaman menjamu jemaah negara keistimewaan jemaah apresiasi haji negara hadir
1,jemaah indonesia pandemi naif aneh apresiasi haji negara hadir
1,alhamdulillah petugas indonesia nilai orang apresiasi haji negara hadir
